{"mean": [846.6501038232773, 841.9658901864392, 109.35253129815027, 14.97749799653736, 14.976767170071085, 7.396596536738605, 73.94182397352178, 9.841143025290942, 0.8660012438316154, 10.59370780739438, 154.17899689024233, 0.5232351117664993, 0.041627813198833984, -1.75658715287952e-06, -0.00046517501379428507, 0.01857050518103783, 0.009701472875479553, 0.009701456116941084, 2.0068173929988125, 0.5232351117664993, 0.041627813198833984, 2199.5801698429386, 64.28924183957804, 946.5302519938728, 34.095181782661754, 95.56671796730853, 39.2456029916142, 1.6155763777602166, 4.433282032691453, 3185.3560248284257, 115.97720016116544, 0.04850571499928603, 2.06247147466953, 1.1822924477247685], "scale": [124.60381509778595, 132.32082618884968, 77.11692009921471, 4.120760583846758, 4.120761995530633, 5.143827109057978, 10.33743929824059, 8.19556285382807, 0.9901875584223081, 2.9147911581147796, 109.17007465014389, 1.7903460420650885, 0.6995207800986449, 0.00016302534904586645, 0.0008675947960574284, 0.005454660199576003, 0.0038967142199693196, 0.0038967131934021944, 0.37584407597061936, 1.7903460420650885, 0.6995207800986449, 1815.7709637272287, 16.77482097680489, 574.1710022104373, 16.04026818943328, 4.123359232344818, 45.39880784800642, 1.7610701754004119, 4.123359232344818, 1923.2245828367402, 360.85464046993644, 0.04923812059463244, 0.2069987248546603, 0.06219212325442735]}